INSERT INTO apps(id, "name", approved, published, kind, price_tier)
    VALUES
        ('00000000-0000-0000-0000-000000000000', 'Palworld', true, true, 'GAME', 1),
        ('00000000-0000-0000-0000-000000000001', 'Black Parade', true, false, 'MUSIC', 3),
        ('00000000-0000-0000-0000-000000000002', 'Dota 2', true, false, 'GAME', 6),
        ('00000000-0000-0000-0000-000000000003', 'CS:GO', false, false, 'GAME', 2),
        ('00000000-0000-0000-0000-000000000004', 'Blue Marble', null, false, 'ART', 1),
        ('00000000-0000-0000-0000-000000000005', 'VueJs', null, false, 'PROGRAMMING', 9),
        ('00000000-0000-0000-0000-000000000006', 'ReactJs', false, false, 'PROGRAMMING', 2),
        ('00000000-0000-0000-0000-000000000007', 'Valorant', true, true, 'GAME', 5),
        ('00000000-0000-0000-0000-000000000008', 'Harry Potter', false, false, 'LITERATURE', 1),
        ('00000000-0000-0000-0000-000000000009', 'Moon Picture', true, true, 'ART', 4),
        ('00000000-0000-0000-0000-000000000010', 'Sword Art Online', true, true, 'LITERATURE', 2);

INSERT INTO users(id, "name", email)
    VALUES
        ('00000000-0000-0000-0000-000000000000', 'Mike', 'mike@gmail.co'),
        ('00000000-0000-0000-0000-000000000001', 'Mikela', 'mikela@gmail.co'),
        ('00000000-0000-0000-0000-000000000002', 'Matt', 'matt@gmail.co'),
        ('00000000-0000-0000-0000-000000000003', 'Lukas', 'lukaz@gmail.co'),
        ('00000000-0000-0000-0000-000000000005', 'Aldebaran', 'alde@gmail.co'),
        ('00000000-0000-0000-0000-000000000006', 'Yosua', 'josh@gmail.co'),
        ('00000000-0000-0000-0000-000000000007', 'Jaklinton', 'jake@gmail.co'),
        ('00000000-0000-0000-0000-000000000008', 'Tenderloin', 'tender@gmail.co'),
        ('00000000-0000-0000-0000-000000000009', 'Gilbert', 'gilbertus@gmail.co'),
        ('00000000-0000-0000-0000-000000000010', 'Hanzien', 'hansen@gmail.co'),
        ('00000000-0000-0000-0000-000000000011', 'Lukas', 'lukas@gmail.co');

INSERT INTO transactions(id, user_id, app_id)
    VALUES
        ('00000000-0000-0000-0000-000000000000', '00000000-0000-0000-0000-000000000011', '00000000-0000-0000-0000-000000000007'),
        ('00000000-0000-0000-0000-000000000001', '00000000-0000-0000-0000-000000000011', '00000000-0000-0000-0000-000000000000'),
        ('00000000-0000-0000-0000-000000000002', '00000000-0000-0000-0000-000000000001', '00000000-0000-0000-0000-000000000000'),
        ('00000000-0000-0000-0000-000000000003', '00000000-0000-0000-0000-000000000000', '00000000-0000-0000-0000-000000000000'),
        ('00000000-0000-0000-0000-000000000004', '00000000-0000-0000-0000-000000000010', '00000000-0000-0000-0000-000000000000');
